Image_path,BW_Image_path
./Dataset/0/Colour/27.jpg,./Dataset/0/BW/27.jpg
./Dataset/0/Colour/28.jpg,./Dataset/0/BW/28.jpg
./Dataset/0/Colour/29.jpg,./Dataset/0/BW/29.jpg
./Dataset/0/Colour/3.jpg,./Dataset/0/BW/3.jpg
./Dataset/0/Colour/30.jpg,./Dataset/0/BW/30.jpg
./Dataset/0/Colour/31.jpg,./Dataset/0/BW/31.jpg
./Dataset/0/Colour/32.jpg,./Dataset/0/BW/32.jpg
./Dataset/0/Colour/33.jpg,./Dataset/0/BW/33.jpg
./Dataset/0/Colour/34.jpg,./Dataset/0/BW/34.jpg
./Dataset/0/Colour/35.jpg,./Dataset/0/BW/35.jpg
./Dataset/0/Colour/36.jpg,./Dataset/0/BW/36.jpg
./Dataset/0/Colour/37.jpg,./Dataset/0/BW/37.jpg
./Dataset/0/Colour/38.jpg,./Dataset/0/BW/38.jpg
./Dataset/0/Colour/39.jpg,./Dataset/0/BW/39.jpg
./Dataset/0/Colour/4.jpg,./Dataset/0/BW/4.jpg
./Dataset/0/Colour/40.jpg,./Dataset/0/BW/40.jpg
./Dataset/0/Colour/41.jpg,./Dataset/0/BW/41.jpg
./Dataset/0/Colour/42.jpg,./Dataset/0/BW/42.jpg
./Dataset/0/Colour/43.jpg,./Dataset/0/BW/43.jpg
./Dataset/0/Colour/44.jpg,./Dataset/0/BW/44.jpg
./Dataset/0/Colour/45.jpg,./Dataset/0/BW/45.jpg
./Dataset/0/Colour/46.jpg,./Dataset/0/BW/46.jpg
./Dataset/0/Colour/47.jpg,./Dataset/0/BW/47.jpg
./Dataset/0/Colour/48.jpg,./Dataset/0/BW/48.jpg
./Dataset/0/Colour/49.jpg,./Dataset/0/BW/49.jpg
./Dataset/0/Colour/5.jpg,./Dataset/0/BW/5.jpg
./Dataset/0/Colour/50.jpg,./Dataset/0/BW/50.jpg
./Dataset/0/Colour/51.jpg,./Dataset/0/BW/51.jpg
./Dataset/0/Colour/6.jpg,./Dataset/0/BW/6.jpg
./Dataset/0/Colour/7.jpg,./Dataset/0/BW/7.jpg
./Dataset/0/Colour/8.jpg,./Dataset/0/BW/8.jpg
./Dataset/0/Colour/9.jpg,./Dataset/0/BW/9.jpg
./Dataset/0/Colour/0.jpg,./Dataset/0/BW/0.jpg
./Dataset/0/Colour/1.jpg,./Dataset/0/BW/1.jpg
./Dataset/0/Colour/10.jpg,./Dataset/0/BW/10.jpg
./Dataset/0/Colour/11.jpg,./Dataset/0/BW/11.jpg
./Dataset/0/Colour/12.jpg,./Dataset/0/BW/12.jpg
./Dataset/0/Colour/13.jpg,./Dataset/0/BW/13.jpg
./Dataset/0/Colour/14.jpg,./Dataset/0/BW/14.jpg
./Dataset/0/Colour/15.jpg,./Dataset/0/BW/15.jpg
./Dataset/0/Colour/16.jpg,./Dataset/0/BW/16.jpg
./Dataset/0/Colour/17.jpg,./Dataset/0/BW/17.jpg
./Dataset/0/Colour/18.jpg,./Dataset/0/BW/18.jpg
./Dataset/0/Colour/19.jpg,./Dataset/0/BW/19.jpg
./Dataset/0/Colour/2.jpg,./Dataset/0/BW/2.jpg
./Dataset/0/Colour/20.jpg,./Dataset/0/BW/20.jpg
./Dataset/0/Colour/21.jpg,./Dataset/0/BW/21.jpg
./Dataset/0/Colour/22.jpg,./Dataset/0/BW/22.jpg
./Dataset/0/Colour/23.jpg,./Dataset/0/BW/23.jpg
./Dataset/0/Colour/24.jpg,./Dataset/0/BW/24.jpg
./Dataset/0/Colour/25.jpg,./Dataset/0/BW/25.jpg
./Dataset/0/Colour/26.jpg,./Dataset/0/BW/26.jpg
./Dataset/11/Colour/0.jpg,./Dataset/11/BW/0.jpg
./Dataset/11/Colour/1.jpg,./Dataset/11/BW/1.jpg
./Dataset/11/Colour/10.jpg,./Dataset/11/BW/10.jpg
./Dataset/11/Colour/11.jpg,./Dataset/11/BW/11.jpg
./Dataset/11/Colour/12.jpg,./Dataset/11/BW/12.jpg
./Dataset/11/Colour/13.jpg,./Dataset/11/BW/13.jpg
./Dataset/11/Colour/14.jpg,./Dataset/11/BW/14.jpg
./Dataset/11/Colour/15.jpg,./Dataset/11/BW/15.jpg
./Dataset/11/Colour/16.jpg,./Dataset/11/BW/16.jpg
./Dataset/11/Colour/17.jpg,./Dataset/11/BW/17.jpg
./Dataset/11/Colour/18.jpg,./Dataset/11/BW/18.jpg
./Dataset/11/Colour/19.jpg,./Dataset/11/BW/19.jpg
./Dataset/11/Colour/2.jpg,./Dataset/11/BW/2.jpg
./Dataset/11/Colour/20.jpg,./Dataset/11/BW/20.jpg
./Dataset/11/Colour/21.jpg,./Dataset/11/BW/21.jpg
./Dataset/11/Colour/22.jpg,./Dataset/11/BW/22.jpg
./Dataset/11/Colour/23.jpg,./Dataset/11/BW/23.jpg
./Dataset/11/Colour/24.jpg,./Dataset/11/BW/24.jpg
./Dataset/11/Colour/25.jpg,./Dataset/11/BW/25.jpg
./Dataset/11/Colour/26.jpg,./Dataset/11/BW/26.jpg
./Dataset/11/Colour/27.jpg,./Dataset/11/BW/27.jpg
./Dataset/11/Colour/28.jpg,./Dataset/11/BW/28.jpg
./Dataset/11/Colour/29.jpg,./Dataset/11/BW/29.jpg
./Dataset/11/Colour/3.jpg,./Dataset/11/BW/3.jpg
./Dataset/11/Colour/30.jpg,./Dataset/11/BW/30.jpg
./Dataset/11/Colour/31.jpg,./Dataset/11/BW/31.jpg
./Dataset/11/Colour/32.jpg,./Dataset/11/BW/32.jpg
./Dataset/11/Colour/33.jpg,./Dataset/11/BW/33.jpg
./Dataset/11/Colour/34.jpg,./Dataset/11/BW/34.jpg
./Dataset/11/Colour/35.jpg,./Dataset/11/BW/35.jpg
./Dataset/11/Colour/37.jpg,./Dataset/11/BW/37.jpg
./Dataset/11/Colour/4.jpg,./Dataset/11/BW/4.jpg
./Dataset/11/Colour/5.jpg,./Dataset/11/BW/5.jpg
./Dataset/11/Colour/6.jpg,./Dataset/11/BW/6.jpg
./Dataset/11/Colour/7.jpg,./Dataset/11/BW/7.jpg
./Dataset/11/Colour/8.jpg,./Dataset/11/BW/8.jpg
./Dataset/11/Colour/9.jpg,./Dataset/11/BW/9.jpg
./Dataset/15/Colour/0.jpg,./Dataset/15/BW/0.jpg
./Dataset/15/Colour/1.jpg,./Dataset/15/BW/1.jpg
./Dataset/15/Colour/10.jpg,./Dataset/15/BW/10.jpg
./Dataset/15/Colour/11.jpg,./Dataset/15/BW/11.jpg
./Dataset/15/Colour/12.jpg,./Dataset/15/BW/12.jpg
./Dataset/15/Colour/13.jpg,./Dataset/15/BW/13.jpg
./Dataset/15/Colour/14.jpg,./Dataset/15/BW/14.jpg
./Dataset/15/Colour/15.jpg,./Dataset/15/BW/15.jpg
./Dataset/15/Colour/16.jpg,./Dataset/15/BW/16.jpg
./Dataset/15/Colour/17.jpg,./Dataset/15/BW/17.jpg
./Dataset/15/Colour/18.jpg,./Dataset/15/BW/18.jpg
./Dataset/15/Colour/19.jpg,./Dataset/15/BW/19.jpg
./Dataset/15/Colour/2.jpg,./Dataset/15/BW/2.jpg
./Dataset/15/Colour/20.jpg,./Dataset/15/BW/20.jpg
./Dataset/15/Colour/21.jpg,./Dataset/15/BW/21.jpg
./Dataset/15/Colour/22.jpg,./Dataset/15/BW/22.jpg
./Dataset/15/Colour/23.jpg,./Dataset/15/BW/23.jpg
./Dataset/15/Colour/24.jpg,./Dataset/15/BW/24.jpg
./Dataset/15/Colour/25.jpg,./Dataset/15/BW/25.jpg
./Dataset/15/Colour/26.jpg,./Dataset/15/BW/26.jpg
./Dataset/15/Colour/27.jpg,./Dataset/15/BW/27.jpg
./Dataset/15/Colour/28.jpg,./Dataset/15/BW/28.jpg
./Dataset/15/Colour/29.jpg,./Dataset/15/BW/29.jpg
./Dataset/15/Colour/3.jpg,./Dataset/15/BW/3.jpg
./Dataset/15/Colour/30.jpg,./Dataset/15/BW/30.jpg
./Dataset/15/Colour/31.jpg,./Dataset/15/BW/31.jpg
./Dataset/15/Colour/32.jpg,./Dataset/15/BW/32.jpg
./Dataset/15/Colour/33.jpg,./Dataset/15/BW/33.jpg
./Dataset/15/Colour/34.jpg,./Dataset/15/BW/34.jpg
./Dataset/15/Colour/35.jpg,./Dataset/15/BW/35.jpg
./Dataset/15/Colour/37.jpg,./Dataset/15/BW/37.jpg
./Dataset/15/Colour/4.jpg,./Dataset/15/BW/4.jpg
./Dataset/15/Colour/5.jpg,./Dataset/15/BW/5.jpg
./Dataset/15/Colour/6.jpg,./Dataset/15/BW/6.jpg
./Dataset/15/Colour/7.jpg,./Dataset/15/BW/7.jpg
./Dataset/15/Colour/8.jpg,./Dataset/15/BW/8.jpg
./Dataset/15/Colour/9.jpg,./Dataset/15/BW/9.jpg
./Dataset/16/Colour/1.jpg,./Dataset/16/BW/1.jpg
./Dataset/16/Colour/10.jpg,./Dataset/16/BW/10.jpg
./Dataset/16/Colour/11.jpg,./Dataset/16/BW/11.jpg
./Dataset/16/Colour/12.jpg,./Dataset/16/BW/12.jpg
./Dataset/16/Colour/13.jpg,./Dataset/16/BW/13.jpg
./Dataset/16/Colour/14.jpg,./Dataset/16/BW/14.jpg
./Dataset/16/Colour/15.jpg,./Dataset/16/BW/15.jpg
./Dataset/16/Colour/16.jpg,./Dataset/16/BW/16.jpg
./Dataset/16/Colour/17.jpg,./Dataset/16/BW/17.jpg
./Dataset/16/Colour/18.jpg,./Dataset/16/BW/18.jpg
./Dataset/16/Colour/19.jpg,./Dataset/16/BW/19.jpg
./Dataset/16/Colour/2.jpg,./Dataset/16/BW/2.jpg
./Dataset/16/Colour/20.jpg,./Dataset/16/BW/20.jpg
./Dataset/16/Colour/21.jpg,./Dataset/16/BW/21.jpg
./Dataset/16/Colour/22.jpg,./Dataset/16/BW/22.jpg
./Dataset/16/Colour/23.jpg,./Dataset/16/BW/23.jpg
./Dataset/16/Colour/24.jpg,./Dataset/16/BW/24.jpg
./Dataset/16/Colour/25.jpg,./Dataset/16/BW/25.jpg
./Dataset/16/Colour/26.jpg,./Dataset/16/BW/26.jpg
./Dataset/16/Colour/27.jpg,./Dataset/16/BW/27.jpg
./Dataset/16/Colour/28.jpg,./Dataset/16/BW/28.jpg
./Dataset/16/Colour/29.jpg,./Dataset/16/BW/29.jpg
./Dataset/16/Colour/3.jpg,./Dataset/16/BW/3.jpg
./Dataset/16/Colour/30.jpg,./Dataset/16/BW/30.jpg
./Dataset/16/Colour/31.jpg,./Dataset/16/BW/31.jpg
./Dataset/16/Colour/32.jpg,./Dataset/16/BW/32.jpg
./Dataset/16/Colour/33.jpg,./Dataset/16/BW/33.jpg
./Dataset/16/Colour/34.jpg,./Dataset/16/BW/34.jpg
./Dataset/16/Colour/35.jpg,./Dataset/16/BW/35.jpg
./Dataset/16/Colour/36.jpg,./Dataset/16/BW/36.jpg
./Dataset/16/Colour/37.jpg,./Dataset/16/BW/37.jpg
./Dataset/16/Colour/4.jpg,./Dataset/16/BW/4.jpg
./Dataset/16/Colour/5.jpg,./Dataset/16/BW/5.jpg
./Dataset/16/Colour/6.jpg,./Dataset/16/BW/6.jpg
./Dataset/16/Colour/7.jpg,./Dataset/16/BW/7.jpg
./Dataset/16/Colour/8.jpg,./Dataset/16/BW/8.jpg
./Dataset/16/Colour/9.jpg,./Dataset/16/BW/9.jpg
./Dataset/17/Colour/0.jpg,./Dataset/17/BW/0.jpg
./Dataset/17/Colour/1.jpg,./Dataset/17/BW/1.jpg
./Dataset/17/Colour/10.jpg,./Dataset/17/BW/10.jpg
./Dataset/17/Colour/11.jpg,./Dataset/17/BW/11.jpg
./Dataset/17/Colour/12.jpg,./Dataset/17/BW/12.jpg
./Dataset/17/Colour/13.jpg,./Dataset/17/BW/13.jpg
./Dataset/17/Colour/14.jpg,./Dataset/17/BW/14.jpg
./Dataset/17/Colour/15.jpg,./Dataset/17/BW/15.jpg
./Dataset/17/Colour/16.jpg,./Dataset/17/BW/16.jpg
./Dataset/17/Colour/17.jpg,./Dataset/17/BW/17.jpg
./Dataset/17/Colour/18.jpg,./Dataset/17/BW/18.jpg
./Dataset/17/Colour/19.jpg,./Dataset/17/BW/19.jpg
./Dataset/17/Colour/2.jpg,./Dataset/17/BW/2.jpg
./Dataset/17/Colour/20.jpg,./Dataset/17/BW/20.jpg
./Dataset/17/Colour/21.jpg,./Dataset/17/BW/21.jpg
./Dataset/17/Colour/22.jpg,./Dataset/17/BW/22.jpg
./Dataset/17/Colour/23.jpg,./Dataset/17/BW/23.jpg
./Dataset/17/Colour/24.jpg,./Dataset/17/BW/24.jpg
./Dataset/17/Colour/25.jpg,./Dataset/17/BW/25.jpg
./Dataset/17/Colour/26.jpg,./Dataset/17/BW/26.jpg
./Dataset/17/Colour/27.jpg,./Dataset/17/BW/27.jpg
./Dataset/17/Colour/28.jpg,./Dataset/17/BW/28.jpg
./Dataset/17/Colour/29.jpg,./Dataset/17/BW/29.jpg
./Dataset/17/Colour/3.jpg,./Dataset/17/BW/3.jpg
./Dataset/17/Colour/30.jpg,./Dataset/17/BW/30.jpg
./Dataset/17/Colour/31.jpg,./Dataset/17/BW/31.jpg
./Dataset/17/Colour/32.jpg,./Dataset/17/BW/32.jpg
./Dataset/17/Colour/33.jpg,./Dataset/17/BW/33.jpg
./Dataset/17/Colour/34.jpg,./Dataset/17/BW/34.jpg
./Dataset/17/Colour/35.jpg,./Dataset/17/BW/35.jpg
./Dataset/17/Colour/37.jpg,./Dataset/17/BW/37.jpg
./Dataset/17/Colour/4.jpg,./Dataset/17/BW/4.jpg
./Dataset/17/Colour/5.jpg,./Dataset/17/BW/5.jpg
./Dataset/17/Colour/6.jpg,./Dataset/17/BW/6.jpg
./Dataset/17/Colour/7.jpg,./Dataset/17/BW/7.jpg
./Dataset/17/Colour/8.jpg,./Dataset/17/BW/8.jpg
./Dataset/17/Colour/9.jpg,./Dataset/17/BW/9.jpg
./Dataset/19/Colour/0.jpg,./Dataset/19/BW/0.jpg
./Dataset/19/Colour/1.jpg,./Dataset/19/BW/1.jpg
./Dataset/19/Colour/10.jpg,./Dataset/19/BW/10.jpg
./Dataset/19/Colour/11.jpg,./Dataset/19/BW/11.jpg
./Dataset/19/Colour/12.jpg,./Dataset/19/BW/12.jpg
./Dataset/19/Colour/13.jpg,./Dataset/19/BW/13.jpg
./Dataset/19/Colour/14.jpg,./Dataset/19/BW/14.jpg
./Dataset/19/Colour/15.jpg,./Dataset/19/BW/15.jpg
./Dataset/19/Colour/16.jpg,./Dataset/19/BW/16.jpg
./Dataset/19/Colour/17.jpg,./Dataset/19/BW/17.jpg
./Dataset/19/Colour/18.jpg,./Dataset/19/BW/18.jpg
./Dataset/19/Colour/19.jpg,./Dataset/19/BW/19.jpg
./Dataset/19/Colour/2.jpg,./Dataset/19/BW/2.jpg
./Dataset/19/Colour/20.jpg,./Dataset/19/BW/20.jpg
./Dataset/19/Colour/21.jpg,./Dataset/19/BW/21.jpg
./Dataset/19/Colour/22.jpg,./Dataset/19/BW/22.jpg
./Dataset/19/Colour/23.jpg,./Dataset/19/BW/23.jpg
./Dataset/19/Colour/24.jpg,./Dataset/19/BW/24.jpg
./Dataset/19/Colour/25.jpg,./Dataset/19/BW/25.jpg
./Dataset/19/Colour/26.jpg,./Dataset/19/BW/26.jpg
./Dataset/19/Colour/27.jpg,./Dataset/19/BW/27.jpg
./Dataset/19/Colour/28.jpg,./Dataset/19/BW/28.jpg
./Dataset/19/Colour/29.jpg,./Dataset/19/BW/29.jpg
./Dataset/19/Colour/3.jpg,./Dataset/19/BW/3.jpg
./Dataset/19/Colour/30.jpg,./Dataset/19/BW/30.jpg
./Dataset/19/Colour/31.jpg,./Dataset/19/BW/31.jpg
./Dataset/19/Colour/32.jpg,./Dataset/19/BW/32.jpg
./Dataset/19/Colour/33.jpg,./Dataset/19/BW/33.jpg
./Dataset/19/Colour/34.jpg,./Dataset/19/BW/34.jpg
./Dataset/19/Colour/35.jpg,./Dataset/19/BW/35.jpg
./Dataset/19/Colour/37.jpg,./Dataset/19/BW/37.jpg
./Dataset/19/Colour/4.jpg,./Dataset/19/BW/4.jpg
./Dataset/19/Colour/5.jpg,./Dataset/19/BW/5.jpg
./Dataset/19/Colour/6.jpg,./Dataset/19/BW/6.jpg
./Dataset/19/Colour/7.jpg,./Dataset/19/BW/7.jpg
./Dataset/19/Colour/8.jpg,./Dataset/19/BW/8.jpg
./Dataset/19/Colour/9.jpg,./Dataset/19/BW/9.jpg
./Dataset/2/Colour/0.jpg,./Dataset/2/BW/0.jpg
./Dataset/2/Colour/1.jpg,./Dataset/2/BW/1.jpg
./Dataset/2/Colour/10.jpg,./Dataset/2/BW/10.jpg
./Dataset/2/Colour/11.jpg,./Dataset/2/BW/11.jpg
./Dataset/2/Colour/12.jpg,./Dataset/2/BW/12.jpg
./Dataset/2/Colour/13.jpg,./Dataset/2/BW/13.jpg
./Dataset/2/Colour/14.jpg,./Dataset/2/BW/14.jpg
./Dataset/2/Colour/15.jpg,./Dataset/2/BW/15.jpg
./Dataset/2/Colour/16.jpg,./Dataset/2/BW/16.jpg
./Dataset/2/Colour/17.jpg,./Dataset/2/BW/17.jpg
./Dataset/2/Colour/18.jpg,./Dataset/2/BW/18.jpg
./Dataset/2/Colour/19.jpg,./Dataset/2/BW/19.jpg
./Dataset/2/Colour/2.jpg,./Dataset/2/BW/2.jpg
./Dataset/2/Colour/20.jpg,./Dataset/2/BW/20.jpg
./Dataset/2/Colour/21.jpg,./Dataset/2/BW/21.jpg
./Dataset/2/Colour/22.jpg,./Dataset/2/BW/22.jpg
./Dataset/2/Colour/23.jpg,./Dataset/2/BW/23.jpg
./Dataset/2/Colour/24.jpg,./Dataset/2/BW/24.jpg
./Dataset/2/Colour/25.jpg,./Dataset/2/BW/25.jpg
./Dataset/2/Colour/26.jpg,./Dataset/2/BW/26.jpg
./Dataset/2/Colour/27.jpg,./Dataset/2/BW/27.jpg
./Dataset/2/Colour/28.jpg,./Dataset/2/BW/28.jpg
./Dataset/2/Colour/29.jpg,./Dataset/2/BW/29.jpg
./Dataset/2/Colour/3.jpg,./Dataset/2/BW/3.jpg
./Dataset/2/Colour/30.jpg,./Dataset/2/BW/30.jpg
./Dataset/2/Colour/31.jpg,./Dataset/2/BW/31.jpg
./Dataset/2/Colour/32.jpg,./Dataset/2/BW/32.jpg
./Dataset/2/Colour/33.jpg,./Dataset/2/BW/33.jpg
./Dataset/2/Colour/34.jpg,./Dataset/2/BW/34.jpg
./Dataset/2/Colour/35.jpg,./Dataset/2/BW/35.jpg
./Dataset/2/Colour/37.jpg,./Dataset/2/BW/37.jpg
./Dataset/2/Colour/4.jpg,./Dataset/2/BW/4.jpg
./Dataset/2/Colour/5.jpg,./Dataset/2/BW/5.jpg
./Dataset/2/Colour/6.jpg,./Dataset/2/BW/6.jpg
./Dataset/2/Colour/7.jpg,./Dataset/2/BW/7.jpg
./Dataset/2/Colour/8.jpg,./Dataset/2/BW/8.jpg
./Dataset/2/Colour/9.jpg,./Dataset/2/BW/9.jpg
./Dataset/20/Colour/0.jpg,./Dataset/20/BW/0.jpg
./Dataset/20/Colour/1.jpg,./Dataset/20/BW/1.jpg
./Dataset/20/Colour/10.jpg,./Dataset/20/BW/10.jpg
./Dataset/20/Colour/11.jpg,./Dataset/20/BW/11.jpg
./Dataset/20/Colour/12.jpg,./Dataset/20/BW/12.jpg
./Dataset/20/Colour/13.jpg,./Dataset/20/BW/13.jpg
./Dataset/20/Colour/14.jpg,./Dataset/20/BW/14.jpg
./Dataset/20/Colour/15.jpg,./Dataset/20/BW/15.jpg
./Dataset/20/Colour/16.jpg,./Dataset/20/BW/16.jpg
./Dataset/20/Colour/17.jpg,./Dataset/20/BW/17.jpg
./Dataset/20/Colour/18.jpg,./Dataset/20/BW/18.jpg
./Dataset/20/Colour/19.jpg,./Dataset/20/BW/19.jpg
./Dataset/20/Colour/2.jpg,./Dataset/20/BW/2.jpg
./Dataset/20/Colour/20.jpg,./Dataset/20/BW/20.jpg
./Dataset/20/Colour/21.jpg,./Dataset/20/BW/21.jpg
./Dataset/20/Colour/22.jpg,./Dataset/20/BW/22.jpg
./Dataset/20/Colour/23.jpg,./Dataset/20/BW/23.jpg
./Dataset/20/Colour/24.jpg,./Dataset/20/BW/24.jpg
./Dataset/20/Colour/25.jpg,./Dataset/20/BW/25.jpg
./Dataset/20/Colour/26.jpg,./Dataset/20/BW/26.jpg
./Dataset/20/Colour/27.jpg,./Dataset/20/BW/27.jpg
./Dataset/20/Colour/28.jpg,./Dataset/20/BW/28.jpg
./Dataset/20/Colour/29.jpg,./Dataset/20/BW/29.jpg
./Dataset/20/Colour/3.jpg,./Dataset/20/BW/3.jpg
./Dataset/20/Colour/30.jpg,./Dataset/20/BW/30.jpg
./Dataset/20/Colour/31.jpg,./Dataset/20/BW/31.jpg
./Dataset/20/Colour/32.jpg,./Dataset/20/BW/32.jpg
./Dataset/20/Colour/33.jpg,./Dataset/20/BW/33.jpg
./Dataset/20/Colour/34.jpg,./Dataset/20/BW/34.jpg
./Dataset/20/Colour/35.jpg,./Dataset/20/BW/35.jpg
./Dataset/20/Colour/37.jpg,./Dataset/20/BW/37.jpg
./Dataset/20/Colour/4.jpg,./Dataset/20/BW/4.jpg
./Dataset/20/Colour/5.jpg,./Dataset/20/BW/5.jpg
./Dataset/20/Colour/6.jpg,./Dataset/20/BW/6.jpg
./Dataset/20/Colour/7.jpg,./Dataset/20/BW/7.jpg
./Dataset/20/Colour/8.jpg,./Dataset/20/BW/8.jpg
./Dataset/20/Colour/9.jpg,./Dataset/20/BW/9.jpg
./Dataset/23/Colour/27.jpg,./Dataset/23/BW/27.jpg
./Dataset/23/Colour/28.jpg,./Dataset/23/BW/28.jpg
./Dataset/23/Colour/29.jpg,./Dataset/23/BW/29.jpg
./Dataset/23/Colour/3.jpg,./Dataset/23/BW/3.jpg
./Dataset/23/Colour/30.jpg,./Dataset/23/BW/30.jpg
./Dataset/23/Colour/31.jpg,./Dataset/23/BW/31.jpg
./Dataset/23/Colour/32.jpg,./Dataset/23/BW/32.jpg
./Dataset/23/Colour/33.jpg,./Dataset/23/BW/33.jpg
./Dataset/23/Colour/34.jpg,./Dataset/23/BW/34.jpg
./Dataset/23/Colour/35.jpg,./Dataset/23/BW/35.jpg
./Dataset/23/Colour/36.jpg,./Dataset/23/BW/36.jpg
./Dataset/23/Colour/37.jpg,./Dataset/23/BW/37.jpg
./Dataset/23/Colour/38.jpg,./Dataset/23/BW/38.jpg
./Dataset/23/Colour/39.jpg,./Dataset/23/BW/39.jpg
./Dataset/23/Colour/4.jpg,./Dataset/23/BW/4.jpg
./Dataset/23/Colour/40.jpg,./Dataset/23/BW/40.jpg
./Dataset/23/Colour/41.jpg,./Dataset/23/BW/41.jpg
./Dataset/23/Colour/42.jpg,./Dataset/23/BW/42.jpg
./Dataset/23/Colour/43.jpg,./Dataset/23/BW/43.jpg
./Dataset/23/Colour/44.jpg,./Dataset/23/BW/44.jpg
./Dataset/23/Colour/45.jpg,./Dataset/23/BW/45.jpg
./Dataset/23/Colour/46.jpg,./Dataset/23/BW/46.jpg
./Dataset/23/Colour/47.jpg,./Dataset/23/BW/47.jpg
./Dataset/23/Colour/48.jpg,./Dataset/23/BW/48.jpg
./Dataset/23/Colour/49.jpg,./Dataset/23/BW/49.jpg
./Dataset/23/Colour/5.jpg,./Dataset/23/BW/5.jpg
./Dataset/23/Colour/50.jpg,./Dataset/23/BW/50.jpg
./Dataset/23/Colour/51.jpg,./Dataset/23/BW/51.jpg
./Dataset/23/Colour/52.jpg,./Dataset/23/BW/52.jpg
./Dataset/23/Colour/6.jpg,./Dataset/23/BW/6.jpg
./Dataset/23/Colour/7.jpg,./Dataset/23/BW/7.jpg
./Dataset/23/Colour/8.jpg,./Dataset/23/BW/8.jpg
./Dataset/23/Colour/9.jpg,./Dataset/23/BW/9.jpg
./Dataset/23/Colour/0.jpg,./Dataset/23/BW/0.jpg
./Dataset/23/Colour/1.jpg,./Dataset/23/BW/1.jpg
./Dataset/23/Colour/10.jpg,./Dataset/23/BW/10.jpg
./Dataset/23/Colour/11.jpg,./Dataset/23/BW/11.jpg
./Dataset/23/Colour/12.jpg,./Dataset/23/BW/12.jpg
./Dataset/23/Colour/13.jpg,./Dataset/23/BW/13.jpg
./Dataset/23/Colour/14.jpg,./Dataset/23/BW/14.jpg
./Dataset/23/Colour/15.jpg,./Dataset/23/BW/15.jpg
./Dataset/23/Colour/16.jpg,./Dataset/23/BW/16.jpg
./Dataset/23/Colour/17.jpg,./Dataset/23/BW/17.jpg
./Dataset/23/Colour/18.jpg,./Dataset/23/BW/18.jpg
./Dataset/23/Colour/19.jpg,./Dataset/23/BW/19.jpg
./Dataset/23/Colour/2.jpg,./Dataset/23/BW/2.jpg
./Dataset/23/Colour/20.jpg,./Dataset/23/BW/20.jpg
./Dataset/23/Colour/21.jpg,./Dataset/23/BW/21.jpg
./Dataset/23/Colour/22.jpg,./Dataset/23/BW/22.jpg
./Dataset/23/Colour/23.jpg,./Dataset/23/BW/23.jpg
./Dataset/23/Colour/24.jpg,./Dataset/23/BW/24.jpg
./Dataset/23/Colour/25.jpg,./Dataset/23/BW/25.jpg
./Dataset/23/Colour/26.jpg,./Dataset/23/BW/26.jpg
./Dataset/24/Colour/27.jpg,./Dataset/24/BW/27.jpg
./Dataset/24/Colour/46.jpg,./Dataset/24/BW/46.jpg
./Dataset/24/Colour/47.jpg,./Dataset/24/BW/47.jpg
./Dataset/24/Colour/48.jpg,./Dataset/24/BW/48.jpg
./Dataset/24/Colour/49.jpg,./Dataset/24/BW/49.jpg
./Dataset/24/Colour/5.jpg,./Dataset/24/BW/5.jpg
./Dataset/24/Colour/50.jpg,./Dataset/24/BW/50.jpg
./Dataset/24/Colour/51.jpg,./Dataset/24/BW/51.jpg
./Dataset/24/Colour/52.jpg,./Dataset/24/BW/52.jpg
./Dataset/24/Colour/53.jpg,./Dataset/24/BW/53.jpg
./Dataset/24/Colour/54.jpg,./Dataset/24/BW/54.jpg
./Dataset/24/Colour/55.jpg,./Dataset/24/BW/55.jpg
./Dataset/24/Colour/56.jpg,./Dataset/24/BW/56.jpg
./Dataset/24/Colour/57.jpg,./Dataset/24/BW/57.jpg
./Dataset/24/Colour/58.jpg,./Dataset/24/BW/58.jpg
./Dataset/24/Colour/59.jpg,./Dataset/24/BW/59.jpg
./Dataset/24/Colour/6.jpg,./Dataset/24/BW/6.jpg
./Dataset/24/Colour/60.jpg,./Dataset/24/BW/60.jpg
./Dataset/24/Colour/61.jpg,./Dataset/24/BW/61.jpg
./Dataset/24/Colour/62.jpg,./Dataset/24/BW/62.jpg
./Dataset/24/Colour/63.jpg,./Dataset/24/BW/63.jpg
./Dataset/24/Colour/64.jpg,./Dataset/24/BW/64.jpg
./Dataset/24/Colour/65.jpg,./Dataset/24/BW/65.jpg
./Dataset/24/Colour/66.jpg,./Dataset/24/BW/66.jpg
./Dataset/24/Colour/67.jpg,./Dataset/24/BW/67.jpg
./Dataset/24/Colour/68.jpg,./Dataset/24/BW/68.jpg
./Dataset/24/Colour/7.jpg,./Dataset/24/BW/7.jpg
./Dataset/24/Colour/8.jpg,./Dataset/24/BW/8.jpg
./Dataset/24/Colour/9.jpg,./Dataset/24/BW/9.jpg
./Dataset/24/Colour/0.jpg,./Dataset/24/BW/0.jpg
./Dataset/24/Colour/1.jpg,./Dataset/24/BW/1.jpg
./Dataset/24/Colour/10.jpg,./Dataset/24/BW/10.jpg
./Dataset/24/Colour/11.jpg,./Dataset/24/BW/11.jpg
./Dataset/24/Colour/12.jpg,./Dataset/24/BW/12.jpg
./Dataset/24/Colour/13.jpg,./Dataset/24/BW/13.jpg
./Dataset/24/Colour/14.jpg,./Dataset/24/BW/14.jpg
./Dataset/24/Colour/15.jpg,./Dataset/24/BW/15.jpg
./Dataset/24/Colour/16.jpg,./Dataset/24/BW/16.jpg
./Dataset/24/Colour/17.jpg,./Dataset/24/BW/17.jpg
./Dataset/24/Colour/18.jpg,./Dataset/24/BW/18.jpg
./Dataset/24/Colour/19.jpg,./Dataset/24/BW/19.jpg
./Dataset/24/Colour/2.jpg,./Dataset/24/BW/2.jpg
./Dataset/24/Colour/20.jpg,./Dataset/24/BW/20.jpg
./Dataset/24/Colour/21.jpg,./Dataset/24/BW/21.jpg
./Dataset/24/Colour/22.jpg,./Dataset/24/BW/22.jpg
./Dataset/24/Colour/23.jpg,./Dataset/24/BW/23.jpg
./Dataset/24/Colour/24.jpg,./Dataset/24/BW/24.jpg
./Dataset/24/Colour/25.jpg,./Dataset/24/BW/25.jpg
./Dataset/24/Colour/26.jpg,./Dataset/24/BW/26.jpg
./Dataset/24/Colour/28.jpg,./Dataset/24/BW/28.jpg
./Dataset/24/Colour/29.jpg,./Dataset/24/BW/29.jpg
./Dataset/24/Colour/3.jpg,./Dataset/24/BW/3.jpg
./Dataset/24/Colour/30.jpg,./Dataset/24/BW/30.jpg
./Dataset/24/Colour/31.jpg,./Dataset/24/BW/31.jpg
./Dataset/24/Colour/32.jpg,./Dataset/24/BW/32.jpg
./Dataset/24/Colour/33.jpg,./Dataset/24/BW/33.jpg
./Dataset/24/Colour/34.jpg,./Dataset/24/BW/34.jpg
./Dataset/24/Colour/35.jpg,./Dataset/24/BW/35.jpg
./Dataset/24/Colour/36.jpg,./Dataset/24/BW/36.jpg
./Dataset/24/Colour/37.jpg,./Dataset/24/BW/37.jpg
./Dataset/24/Colour/38.jpg,./Dataset/24/BW/38.jpg
./Dataset/24/Colour/39.jpg,./Dataset/24/BW/39.jpg
./Dataset/24/Colour/4.jpg,./Dataset/24/BW/4.jpg
./Dataset/24/Colour/40.jpg,./Dataset/24/BW/40.jpg
./Dataset/24/Colour/41.jpg,./Dataset/24/BW/41.jpg
./Dataset/24/Colour/42.jpg,./Dataset/24/BW/42.jpg
./Dataset/24/Colour/43.jpg,./Dataset/24/BW/43.jpg
./Dataset/24/Colour/44.jpg,./Dataset/24/BW/44.jpg
./Dataset/24/Colour/45.jpg,./Dataset/24/BW/45.jpg
./Dataset/25/Colour/0.jpg,./Dataset/25/BW/0.jpg
./Dataset/25/Colour/1.jpg,./Dataset/25/BW/1.jpg
./Dataset/25/Colour/10.jpg,./Dataset/25/BW/10.jpg
./Dataset/25/Colour/11.jpg,./Dataset/25/BW/11.jpg
./Dataset/25/Colour/12.jpg,./Dataset/25/BW/12.jpg
./Dataset/25/Colour/13.jpg,./Dataset/25/BW/13.jpg
./Dataset/25/Colour/14.jpg,./Dataset/25/BW/14.jpg
./Dataset/25/Colour/15.jpg,./Dataset/25/BW/15.jpg
./Dataset/25/Colour/16.jpg,./Dataset/25/BW/16.jpg
./Dataset/25/Colour/17.jpg,./Dataset/25/BW/17.jpg
./Dataset/25/Colour/18.jpg,./Dataset/25/BW/18.jpg
./Dataset/25/Colour/19.jpg,./Dataset/25/BW/19.jpg
./Dataset/25/Colour/2.jpg,./Dataset/25/BW/2.jpg
./Dataset/25/Colour/20.jpg,./Dataset/25/BW/20.jpg
./Dataset/25/Colour/21.jpg,./Dataset/25/BW/21.jpg
./Dataset/25/Colour/22.jpg,./Dataset/25/BW/22.jpg
./Dataset/25/Colour/23.jpg,./Dataset/25/BW/23.jpg
./Dataset/25/Colour/24.jpg,./Dataset/25/BW/24.jpg
./Dataset/25/Colour/25.jpg,./Dataset/25/BW/25.jpg
./Dataset/25/Colour/26.jpg,./Dataset/25/BW/26.jpg
./Dataset/25/Colour/27.jpg,./Dataset/25/BW/27.jpg
./Dataset/25/Colour/28.jpg,./Dataset/25/BW/28.jpg
./Dataset/25/Colour/29.jpg,./Dataset/25/BW/29.jpg
./Dataset/25/Colour/3.jpg,./Dataset/25/BW/3.jpg
./Dataset/25/Colour/30.jpg,./Dataset/25/BW/30.jpg
./Dataset/25/Colour/31.jpg,./Dataset/25/BW/31.jpg
./Dataset/25/Colour/32.jpg,./Dataset/25/BW/32.jpg
./Dataset/25/Colour/33.jpg,./Dataset/25/BW/33.jpg
./Dataset/25/Colour/34.jpg,./Dataset/25/BW/34.jpg
./Dataset/25/Colour/35.jpg,./Dataset/25/BW/35.jpg
./Dataset/25/Colour/36.jpg,./Dataset/25/BW/36.jpg
./Dataset/25/Colour/4.jpg,./Dataset/25/BW/4.jpg
./Dataset/25/Colour/5.jpg,./Dataset/25/BW/5.jpg
./Dataset/25/Colour/6.jpg,./Dataset/25/BW/6.jpg
./Dataset/25/Colour/7.jpg,./Dataset/25/BW/7.jpg
./Dataset/25/Colour/8.jpg,./Dataset/25/BW/8.jpg
./Dataset/25/Colour/9.jpg,./Dataset/25/BW/9.jpg
./Dataset/26/Colour/0.jpg,./Dataset/26/BW/0.jpg
./Dataset/26/Colour/1.jpg,./Dataset/26/BW/1.jpg
./Dataset/26/Colour/10.jpg,./Dataset/26/BW/10.jpg
./Dataset/26/Colour/11.jpg,./Dataset/26/BW/11.jpg
./Dataset/26/Colour/12.jpg,./Dataset/26/BW/12.jpg
./Dataset/26/Colour/13.jpg,./Dataset/26/BW/13.jpg
./Dataset/26/Colour/14.jpg,./Dataset/26/BW/14.jpg
./Dataset/26/Colour/15.jpg,./Dataset/26/BW/15.jpg
./Dataset/26/Colour/16.jpg,./Dataset/26/BW/16.jpg
./Dataset/26/Colour/17.jpg,./Dataset/26/BW/17.jpg
./Dataset/26/Colour/18.jpg,./Dataset/26/BW/18.jpg
./Dataset/26/Colour/19.jpg,./Dataset/26/BW/19.jpg
./Dataset/26/Colour/2.jpg,./Dataset/26/BW/2.jpg
./Dataset/26/Colour/20.jpg,./Dataset/26/BW/20.jpg
./Dataset/26/Colour/21.jpg,./Dataset/26/BW/21.jpg
./Dataset/26/Colour/22.jpg,./Dataset/26/BW/22.jpg
./Dataset/26/Colour/23.jpg,./Dataset/26/BW/23.jpg
./Dataset/26/Colour/24.jpg,./Dataset/26/BW/24.jpg
./Dataset/26/Colour/25.jpg,./Dataset/26/BW/25.jpg
./Dataset/26/Colour/26.jpg,./Dataset/26/BW/26.jpg
./Dataset/26/Colour/27.jpg,./Dataset/26/BW/27.jpg
./Dataset/26/Colour/28.jpg,./Dataset/26/BW/28.jpg
./Dataset/26/Colour/29.jpg,./Dataset/26/BW/29.jpg
./Dataset/26/Colour/3.jpg,./Dataset/26/BW/3.jpg
./Dataset/26/Colour/30.jpg,./Dataset/26/BW/30.jpg
./Dataset/26/Colour/31.jpg,./Dataset/26/BW/31.jpg
./Dataset/26/Colour/32.jpg,./Dataset/26/BW/32.jpg
./Dataset/26/Colour/33.jpg,./Dataset/26/BW/33.jpg
./Dataset/26/Colour/34.jpg,./Dataset/26/BW/34.jpg
./Dataset/26/Colour/35.jpg,./Dataset/26/BW/35.jpg
./Dataset/26/Colour/36.jpg,./Dataset/26/BW/36.jpg
./Dataset/26/Colour/4.jpg,./Dataset/26/BW/4.jpg
./Dataset/26/Colour/5.jpg,./Dataset/26/BW/5.jpg
./Dataset/26/Colour/6.jpg,./Dataset/26/BW/6.jpg
./Dataset/26/Colour/7.jpg,./Dataset/26/BW/7.jpg
./Dataset/26/Colour/8.jpg,./Dataset/26/BW/8.jpg
./Dataset/26/Colour/9.jpg,./Dataset/26/BW/9.jpg
./Dataset/29/Colour/27.jpg,./Dataset/29/BW/27.jpg
./Dataset/29/Colour/28.jpg,./Dataset/29/BW/28.jpg
./Dataset/29/Colour/29.jpg,./Dataset/29/BW/29.jpg
./Dataset/29/Colour/3.jpg,./Dataset/29/BW/3.jpg
./Dataset/29/Colour/30.jpg,./Dataset/29/BW/30.jpg
./Dataset/29/Colour/31.jpg,./Dataset/29/BW/31.jpg
./Dataset/29/Colour/32.jpg,./Dataset/29/BW/32.jpg
./Dataset/29/Colour/33.jpg,./Dataset/29/BW/33.jpg
./Dataset/29/Colour/34.jpg,./Dataset/29/BW/34.jpg
./Dataset/29/Colour/35.jpg,./Dataset/29/BW/35.jpg
./Dataset/29/Colour/36.jpg,./Dataset/29/BW/36.jpg
./Dataset/29/Colour/37.jpg,./Dataset/29/BW/37.jpg
./Dataset/29/Colour/38.jpg,./Dataset/29/BW/38.jpg
./Dataset/29/Colour/39.jpg,./Dataset/29/BW/39.jpg
./Dataset/29/Colour/4.jpg,./Dataset/29/BW/4.jpg
./Dataset/29/Colour/40.jpg,./Dataset/29/BW/40.jpg
./Dataset/29/Colour/41.jpg,./Dataset/29/BW/41.jpg
./Dataset/29/Colour/42.jpg,./Dataset/29/BW/42.jpg
./Dataset/29/Colour/43.jpg,./Dataset/29/BW/43.jpg
./Dataset/29/Colour/44.jpg,./Dataset/29/BW/44.jpg
./Dataset/29/Colour/45.jpg,./Dataset/29/BW/45.jpg
./Dataset/29/Colour/46.jpg,./Dataset/29/BW/46.jpg
./Dataset/29/Colour/47.jpg,./Dataset/29/BW/47.jpg
./Dataset/29/Colour/48.jpg,./Dataset/29/BW/48.jpg
./Dataset/29/Colour/49.jpg,./Dataset/29/BW/49.jpg
./Dataset/29/Colour/5.jpg,./Dataset/29/BW/5.jpg
./Dataset/29/Colour/50.jpg,./Dataset/29/BW/50.jpg
./Dataset/29/Colour/51.jpg,./Dataset/29/BW/51.jpg
./Dataset/29/Colour/52.jpg,./Dataset/29/BW/52.jpg
./Dataset/29/Colour/6.jpg,./Dataset/29/BW/6.jpg
./Dataset/29/Colour/7.jpg,./Dataset/29/BW/7.jpg
./Dataset/29/Colour/8.jpg,./Dataset/29/BW/8.jpg
./Dataset/29/Colour/9.jpg,./Dataset/29/BW/9.jpg
./Dataset/29/Colour/0.jpg,./Dataset/29/BW/0.jpg
./Dataset/29/Colour/1.jpg,./Dataset/29/BW/1.jpg
./Dataset/29/Colour/10.jpg,./Dataset/29/BW/10.jpg
./Dataset/29/Colour/11.jpg,./Dataset/29/BW/11.jpg
./Dataset/29/Colour/12.jpg,./Dataset/29/BW/12.jpg
./Dataset/29/Colour/13.jpg,./Dataset/29/BW/13.jpg
./Dataset/29/Colour/14.jpg,./Dataset/29/BW/14.jpg
./Dataset/29/Colour/15.jpg,./Dataset/29/BW/15.jpg
./Dataset/29/Colour/16.jpg,./Dataset/29/BW/16.jpg
./Dataset/29/Colour/17.jpg,./Dataset/29/BW/17.jpg
./Dataset/29/Colour/18.jpg,./Dataset/29/BW/18.jpg
./Dataset/29/Colour/19.jpg,./Dataset/29/BW/19.jpg
./Dataset/29/Colour/2.jpg,./Dataset/29/BW/2.jpg
./Dataset/29/Colour/20.jpg,./Dataset/29/BW/20.jpg
./Dataset/29/Colour/21.jpg,./Dataset/29/BW/21.jpg
./Dataset/29/Colour/22.jpg,./Dataset/29/BW/22.jpg
./Dataset/29/Colour/23.jpg,./Dataset/29/BW/23.jpg
./Dataset/29/Colour/24.jpg,./Dataset/29/BW/24.jpg
./Dataset/29/Colour/25.jpg,./Dataset/29/BW/25.jpg
./Dataset/29/Colour/26.jpg,./Dataset/29/BW/26.jpg
./Dataset/3/Colour/0.jpg,./Dataset/3/BW/0.jpg
./Dataset/3/Colour/1.jpg,./Dataset/3/BW/1.jpg
./Dataset/3/Colour/10.jpg,./Dataset/3/BW/10.jpg
./Dataset/3/Colour/11.jpg,./Dataset/3/BW/11.jpg
./Dataset/3/Colour/12.jpg,./Dataset/3/BW/12.jpg
./Dataset/3/Colour/13.jpg,./Dataset/3/BW/13.jpg
./Dataset/3/Colour/14.jpg,./Dataset/3/BW/14.jpg
./Dataset/3/Colour/15.jpg,./Dataset/3/BW/15.jpg
./Dataset/3/Colour/16.jpg,./Dataset/3/BW/16.jpg
./Dataset/3/Colour/17.jpg,./Dataset/3/BW/17.jpg
./Dataset/3/Colour/18.jpg,./Dataset/3/BW/18.jpg
./Dataset/3/Colour/19.jpg,./Dataset/3/BW/19.jpg
./Dataset/3/Colour/2.jpg,./Dataset/3/BW/2.jpg
./Dataset/3/Colour/20.jpg,./Dataset/3/BW/20.jpg
./Dataset/3/Colour/21.jpg,./Dataset/3/BW/21.jpg
./Dataset/3/Colour/22.jpg,./Dataset/3/BW/22.jpg
./Dataset/3/Colour/23.jpg,./Dataset/3/BW/23.jpg
./Dataset/3/Colour/24.jpg,./Dataset/3/BW/24.jpg
./Dataset/3/Colour/25.jpg,./Dataset/3/BW/25.jpg
./Dataset/3/Colour/26.jpg,./Dataset/3/BW/26.jpg
./Dataset/3/Colour/27.jpg,./Dataset/3/BW/27.jpg
./Dataset/3/Colour/28.jpg,./Dataset/3/BW/28.jpg
./Dataset/3/Colour/29.jpg,./Dataset/3/BW/29.jpg
./Dataset/3/Colour/3.jpg,./Dataset/3/BW/3.jpg
./Dataset/3/Colour/30.jpg,./Dataset/3/BW/30.jpg
./Dataset/3/Colour/31.jpg,./Dataset/3/BW/31.jpg
./Dataset/3/Colour/32.jpg,./Dataset/3/BW/32.jpg
./Dataset/3/Colour/33.jpg,./Dataset/3/BW/33.jpg
./Dataset/3/Colour/34.jpg,./Dataset/3/BW/34.jpg
./Dataset/3/Colour/35.jpg,./Dataset/3/BW/35.jpg
./Dataset/3/Colour/37.jpg,./Dataset/3/BW/37.jpg
./Dataset/3/Colour/4.jpg,./Dataset/3/BW/4.jpg
./Dataset/3/Colour/5.jpg,./Dataset/3/BW/5.jpg
./Dataset/3/Colour/6.jpg,./Dataset/3/BW/6.jpg
./Dataset/3/Colour/7.jpg,./Dataset/3/BW/7.jpg
./Dataset/3/Colour/8.jpg,./Dataset/3/BW/8.jpg
./Dataset/3/Colour/9.jpg,./Dataset/3/BW/9.jpg
./Dataset/4/Colour/27.jpg,./Dataset/4/BW/27.jpg
./Dataset/4/Colour/28.jpg,./Dataset/4/BW/28.jpg
./Dataset/4/Colour/29.jpg,./Dataset/4/BW/29.jpg
./Dataset/4/Colour/3.jpg,./Dataset/4/BW/3.jpg
./Dataset/4/Colour/30.jpg,./Dataset/4/BW/30.jpg
./Dataset/4/Colour/31.jpg,./Dataset/4/BW/31.jpg
./Dataset/4/Colour/32.jpg,./Dataset/4/BW/32.jpg
./Dataset/4/Colour/33.jpg,./Dataset/4/BW/33.jpg
./Dataset/4/Colour/34.jpg,./Dataset/4/BW/34.jpg
./Dataset/4/Colour/35.jpg,./Dataset/4/BW/35.jpg
./Dataset/4/Colour/36.jpg,./Dataset/4/BW/36.jpg
./Dataset/4/Colour/37.jpg,./Dataset/4/BW/37.jpg
./Dataset/4/Colour/38.jpg,./Dataset/4/BW/38.jpg
./Dataset/4/Colour/39.jpg,./Dataset/4/BW/39.jpg
./Dataset/4/Colour/4.jpg,./Dataset/4/BW/4.jpg
./Dataset/4/Colour/40.jpg,./Dataset/4/BW/40.jpg
./Dataset/4/Colour/41.jpg,./Dataset/4/BW/41.jpg
./Dataset/4/Colour/42.jpg,./Dataset/4/BW/42.jpg
./Dataset/4/Colour/43.jpg,./Dataset/4/BW/43.jpg
./Dataset/4/Colour/44.jpg,./Dataset/4/BW/44.jpg
./Dataset/4/Colour/45.jpg,./Dataset/4/BW/45.jpg
./Dataset/4/Colour/46.jpg,./Dataset/4/BW/46.jpg
./Dataset/4/Colour/47.jpg,./Dataset/4/BW/47.jpg
./Dataset/4/Colour/48.jpg,./Dataset/4/BW/48.jpg
./Dataset/4/Colour/49.jpg,./Dataset/4/BW/49.jpg
./Dataset/4/Colour/5.jpg,./Dataset/4/BW/5.jpg
./Dataset/4/Colour/50.jpg,./Dataset/4/BW/50.jpg
./Dataset/4/Colour/51.jpg,./Dataset/4/BW/51.jpg
./Dataset/4/Colour/53.jpg,./Dataset/4/BW/53.jpg
./Dataset/4/Colour/6.jpg,./Dataset/4/BW/6.jpg
./Dataset/4/Colour/7.jpg,./Dataset/4/BW/7.jpg
./Dataset/4/Colour/8.jpg,./Dataset/4/BW/8.jpg
./Dataset/4/Colour/9.jpg,./Dataset/4/BW/9.jpg
./Dataset/4/Colour/0.jpg,./Dataset/4/BW/0.jpg
./Dataset/4/Colour/1.jpg,./Dataset/4/BW/1.jpg
./Dataset/4/Colour/10.jpg,./Dataset/4/BW/10.jpg
./Dataset/4/Colour/11.jpg,./Dataset/4/BW/11.jpg
./Dataset/4/Colour/12.jpg,./Dataset/4/BW/12.jpg
./Dataset/4/Colour/13.jpg,./Dataset/4/BW/13.jpg
./Dataset/4/Colour/14.jpg,./Dataset/4/BW/14.jpg
./Dataset/4/Colour/15.jpg,./Dataset/4/BW/15.jpg
./Dataset/4/Colour/16.jpg,./Dataset/4/BW/16.jpg
./Dataset/4/Colour/17.jpg,./Dataset/4/BW/17.jpg
./Dataset/4/Colour/18.jpg,./Dataset/4/BW/18.jpg
./Dataset/4/Colour/19.jpg,./Dataset/4/BW/19.jpg
./Dataset/4/Colour/2.jpg,./Dataset/4/BW/2.jpg
./Dataset/4/Colour/20.jpg,./Dataset/4/BW/20.jpg
./Dataset/4/Colour/21.jpg,./Dataset/4/BW/21.jpg
./Dataset/4/Colour/22.jpg,./Dataset/4/BW/22.jpg
./Dataset/4/Colour/23.jpg,./Dataset/4/BW/23.jpg
./Dataset/4/Colour/24.jpg,./Dataset/4/BW/24.jpg
./Dataset/4/Colour/25.jpg,./Dataset/4/BW/25.jpg
./Dataset/4/Colour/26.jpg,./Dataset/4/BW/26.jpg
./Dataset/5/Colour/0.jpg,./Dataset/5/BW/0.jpg
./Dataset/5/Colour/1.jpg,./Dataset/5/BW/1.jpg
./Dataset/5/Colour/10.jpg,./Dataset/5/BW/10.jpg
./Dataset/5/Colour/11.jpg,./Dataset/5/BW/11.jpg
./Dataset/5/Colour/12.jpg,./Dataset/5/BW/12.jpg
./Dataset/5/Colour/13.jpg,./Dataset/5/BW/13.jpg
./Dataset/5/Colour/14.jpg,./Dataset/5/BW/14.jpg
./Dataset/5/Colour/15.jpg,./Dataset/5/BW/15.jpg
./Dataset/5/Colour/16.jpg,./Dataset/5/BW/16.jpg
./Dataset/5/Colour/17.jpg,./Dataset/5/BW/17.jpg
./Dataset/5/Colour/18.jpg,./Dataset/5/BW/18.jpg
./Dataset/5/Colour/19.jpg,./Dataset/5/BW/19.jpg
./Dataset/5/Colour/2.jpg,./Dataset/5/BW/2.jpg
./Dataset/5/Colour/20.jpg,./Dataset/5/BW/20.jpg
./Dataset/5/Colour/21.jpg,./Dataset/5/BW/21.jpg
./Dataset/5/Colour/22.jpg,./Dataset/5/BW/22.jpg
./Dataset/5/Colour/23.jpg,./Dataset/5/BW/23.jpg
./Dataset/5/Colour/24.jpg,./Dataset/5/BW/24.jpg
./Dataset/5/Colour/25.jpg,./Dataset/5/BW/25.jpg
./Dataset/5/Colour/26.jpg,./Dataset/5/BW/26.jpg
./Dataset/5/Colour/27.jpg,./Dataset/5/BW/27.jpg
./Dataset/5/Colour/28.jpg,./Dataset/5/BW/28.jpg
./Dataset/5/Colour/29.jpg,./Dataset/5/BW/29.jpg
./Dataset/5/Colour/3.jpg,./Dataset/5/BW/3.jpg
./Dataset/5/Colour/30.jpg,./Dataset/5/BW/30.jpg
./Dataset/5/Colour/31.jpg,./Dataset/5/BW/31.jpg
./Dataset/5/Colour/32.jpg,./Dataset/5/BW/32.jpg
./Dataset/5/Colour/33.jpg,./Dataset/5/BW/33.jpg
./Dataset/5/Colour/34.jpg,./Dataset/5/BW/34.jpg
./Dataset/5/Colour/35.jpg,./Dataset/5/BW/35.jpg
./Dataset/5/Colour/37.jpg,./Dataset/5/BW/37.jpg
./Dataset/5/Colour/4.jpg,./Dataset/5/BW/4.jpg
./Dataset/5/Colour/5.jpg,./Dataset/5/BW/5.jpg
./Dataset/5/Colour/6.jpg,./Dataset/5/BW/6.jpg
./Dataset/5/Colour/7.jpg,./Dataset/5/BW/7.jpg
./Dataset/5/Colour/8.jpg,./Dataset/5/BW/8.jpg
./Dataset/5/Colour/9.jpg,./Dataset/5/BW/9.jpg
./Dataset/6/Colour/0.jpg,./Dataset/6/BW/0.jpg
./Dataset/6/Colour/1.jpg,./Dataset/6/BW/1.jpg
./Dataset/6/Colour/10.jpg,./Dataset/6/BW/10.jpg
./Dataset/6/Colour/11.jpg,./Dataset/6/BW/11.jpg
./Dataset/6/Colour/12.jpg,./Dataset/6/BW/12.jpg
./Dataset/6/Colour/13.jpg,./Dataset/6/BW/13.jpg
./Dataset/6/Colour/14.jpg,./Dataset/6/BW/14.jpg
./Dataset/6/Colour/15.jpg,./Dataset/6/BW/15.jpg
./Dataset/6/Colour/16.jpg,./Dataset/6/BW/16.jpg
./Dataset/6/Colour/17.jpg,./Dataset/6/BW/17.jpg
./Dataset/6/Colour/18.jpg,./Dataset/6/BW/18.jpg
./Dataset/6/Colour/19.jpg,./Dataset/6/BW/19.jpg
./Dataset/6/Colour/2.jpg,./Dataset/6/BW/2.jpg
./Dataset/6/Colour/20.jpg,./Dataset/6/BW/20.jpg
./Dataset/6/Colour/21.jpg,./Dataset/6/BW/21.jpg
./Dataset/6/Colour/22.jpg,./Dataset/6/BW/22.jpg
./Dataset/6/Colour/23.jpg,./Dataset/6/BW/23.jpg
./Dataset/6/Colour/24.jpg,./Dataset/6/BW/24.jpg
./Dataset/6/Colour/25.jpg,./Dataset/6/BW/25.jpg
./Dataset/6/Colour/26.jpg,./Dataset/6/BW/26.jpg
./Dataset/6/Colour/27.jpg,./Dataset/6/BW/27.jpg
./Dataset/6/Colour/28.jpg,./Dataset/6/BW/28.jpg
./Dataset/6/Colour/29.jpg,./Dataset/6/BW/29.jpg
./Dataset/6/Colour/3.jpg,./Dataset/6/BW/3.jpg
./Dataset/6/Colour/30.jpg,./Dataset/6/BW/30.jpg
./Dataset/6/Colour/31.jpg,./Dataset/6/BW/31.jpg
./Dataset/6/Colour/32.jpg,./Dataset/6/BW/32.jpg
./Dataset/6/Colour/33.jpg,./Dataset/6/BW/33.jpg
./Dataset/6/Colour/34.jpg,./Dataset/6/BW/34.jpg
./Dataset/6/Colour/35.jpg,./Dataset/6/BW/35.jpg
./Dataset/6/Colour/37.jpg,./Dataset/6/BW/37.jpg
./Dataset/6/Colour/4.jpg,./Dataset/6/BW/4.jpg
./Dataset/6/Colour/5.jpg,./Dataset/6/BW/5.jpg
./Dataset/6/Colour/6.jpg,./Dataset/6/BW/6.jpg
./Dataset/6/Colour/7.jpg,./Dataset/6/BW/7.jpg
./Dataset/6/Colour/8.jpg,./Dataset/6/BW/8.jpg
./Dataset/6/Colour/9.jpg,./Dataset/6/BW/9.jpg
./Dataset/7/Colour/0.jpg,./Dataset/7/BW/0.jpg
./Dataset/7/Colour/1.jpg,./Dataset/7/BW/1.jpg
./Dataset/7/Colour/10.jpg,./Dataset/7/BW/10.jpg
./Dataset/7/Colour/11.jpg,./Dataset/7/BW/11.jpg
./Dataset/7/Colour/12.jpg,./Dataset/7/BW/12.jpg
./Dataset/7/Colour/13.jpg,./Dataset/7/BW/13.jpg
./Dataset/7/Colour/14.jpg,./Dataset/7/BW/14.jpg
./Dataset/7/Colour/15.jpg,./Dataset/7/BW/15.jpg
./Dataset/7/Colour/16.jpg,./Dataset/7/BW/16.jpg
./Dataset/7/Colour/17.jpg,./Dataset/7/BW/17.jpg
./Dataset/7/Colour/18.jpg,./Dataset/7/BW/18.jpg
./Dataset/7/Colour/19.jpg,./Dataset/7/BW/19.jpg
./Dataset/7/Colour/2.jpg,./Dataset/7/BW/2.jpg
./Dataset/7/Colour/20.jpg,./Dataset/7/BW/20.jpg
./Dataset/7/Colour/21.jpg,./Dataset/7/BW/21.jpg
./Dataset/7/Colour/22.jpg,./Dataset/7/BW/22.jpg
./Dataset/7/Colour/23.jpg,./Dataset/7/BW/23.jpg
./Dataset/7/Colour/24.jpg,./Dataset/7/BW/24.jpg
./Dataset/7/Colour/25.jpg,./Dataset/7/BW/25.jpg
./Dataset/7/Colour/26.jpg,./Dataset/7/BW/26.jpg
./Dataset/7/Colour/27.jpg,./Dataset/7/BW/27.jpg
./Dataset/7/Colour/28.jpg,./Dataset/7/BW/28.jpg
./Dataset/7/Colour/29.jpg,./Dataset/7/BW/29.jpg
./Dataset/7/Colour/3.jpg,./Dataset/7/BW/3.jpg
./Dataset/7/Colour/30.jpg,./Dataset/7/BW/30.jpg
./Dataset/7/Colour/31.jpg,./Dataset/7/BW/31.jpg
./Dataset/7/Colour/32.jpg,./Dataset/7/BW/32.jpg
./Dataset/7/Colour/33.jpg,./Dataset/7/BW/33.jpg
./Dataset/7/Colour/34.jpg,./Dataset/7/BW/34.jpg
./Dataset/7/Colour/35.jpg,./Dataset/7/BW/35.jpg
./Dataset/7/Colour/37.jpg,./Dataset/7/BW/37.jpg
./Dataset/7/Colour/4.jpg,./Dataset/7/BW/4.jpg
./Dataset/7/Colour/5.jpg,./Dataset/7/BW/5.jpg
./Dataset/7/Colour/6.jpg,./Dataset/7/BW/6.jpg
./Dataset/7/Colour/7.jpg,./Dataset/7/BW/7.jpg
./Dataset/7/Colour/8.jpg,./Dataset/7/BW/8.jpg
./Dataset/7/Colour/9.jpg,./Dataset/7/BW/9.jpg
./Dataset/8/Colour/0.jpg,./Dataset/8/BW/0.jpg
./Dataset/8/Colour/1.jpg,./Dataset/8/BW/1.jpg
./Dataset/8/Colour/10.jpg,./Dataset/8/BW/10.jpg
./Dataset/8/Colour/11.jpg,./Dataset/8/BW/11.jpg
./Dataset/8/Colour/12.jpg,./Dataset/8/BW/12.jpg
./Dataset/8/Colour/13.jpg,./Dataset/8/BW/13.jpg
./Dataset/8/Colour/14.jpg,./Dataset/8/BW/14.jpg
./Dataset/8/Colour/15.jpg,./Dataset/8/BW/15.jpg
./Dataset/8/Colour/16.jpg,./Dataset/8/BW/16.jpg
./Dataset/8/Colour/17.jpg,./Dataset/8/BW/17.jpg
./Dataset/8/Colour/18.jpg,./Dataset/8/BW/18.jpg
./Dataset/8/Colour/19.jpg,./Dataset/8/BW/19.jpg
./Dataset/8/Colour/2.jpg,./Dataset/8/BW/2.jpg
./Dataset/8/Colour/20.jpg,./Dataset/8/BW/20.jpg
./Dataset/8/Colour/21.jpg,./Dataset/8/BW/21.jpg
./Dataset/8/Colour/22.jpg,./Dataset/8/BW/22.jpg
./Dataset/8/Colour/23.jpg,./Dataset/8/BW/23.jpg
./Dataset/8/Colour/24.jpg,./Dataset/8/BW/24.jpg
./Dataset/8/Colour/25.jpg,./Dataset/8/BW/25.jpg
./Dataset/8/Colour/26.jpg,./Dataset/8/BW/26.jpg
./Dataset/8/Colour/27.jpg,./Dataset/8/BW/27.jpg
./Dataset/8/Colour/28.jpg,./Dataset/8/BW/28.jpg
./Dataset/8/Colour/29.jpg,./Dataset/8/BW/29.jpg
./Dataset/8/Colour/3.jpg,./Dataset/8/BW/3.jpg
./Dataset/8/Colour/30.jpg,./Dataset/8/BW/30.jpg
./Dataset/8/Colour/31.jpg,./Dataset/8/BW/31.jpg
./Dataset/8/Colour/32.jpg,./Dataset/8/BW/32.jpg
./Dataset/8/Colour/33.jpg,./Dataset/8/BW/33.jpg
./Dataset/8/Colour/34.jpg,./Dataset/8/BW/34.jpg
./Dataset/8/Colour/35.jpg,./Dataset/8/BW/35.jpg
./Dataset/8/Colour/37.jpg,./Dataset/8/BW/37.jpg
./Dataset/8/Colour/4.jpg,./Dataset/8/BW/4.jpg
./Dataset/8/Colour/5.jpg,./Dataset/8/BW/5.jpg
./Dataset/8/Colour/6.jpg,./Dataset/8/BW/6.jpg
./Dataset/8/Colour/7.jpg,./Dataset/8/BW/7.jpg
./Dataset/8/Colour/8.jpg,./Dataset/8/BW/8.jpg
./Dataset/8/Colour/9.jpg,./Dataset/8/BW/9.jpg
./Dataset/9/Colour/0.jpg,./Dataset/9/BW/0.jpg
./Dataset/9/Colour/1.jpg,./Dataset/9/BW/1.jpg
./Dataset/9/Colour/10.jpg,./Dataset/9/BW/10.jpg
./Dataset/9/Colour/11.jpg,./Dataset/9/BW/11.jpg
./Dataset/9/Colour/12.jpg,./Dataset/9/BW/12.jpg
./Dataset/9/Colour/13.jpg,./Dataset/9/BW/13.jpg
./Dataset/9/Colour/14.jpg,./Dataset/9/BW/14.jpg
./Dataset/9/Colour/15.jpg,./Dataset/9/BW/15.jpg
./Dataset/9/Colour/16.jpg,./Dataset/9/BW/16.jpg
./Dataset/9/Colour/17.jpg,./Dataset/9/BW/17.jpg
./Dataset/9/Colour/18.jpg,./Dataset/9/BW/18.jpg
./Dataset/9/Colour/19.jpg,./Dataset/9/BW/19.jpg
./Dataset/9/Colour/2.jpg,./Dataset/9/BW/2.jpg
./Dataset/9/Colour/20.jpg,./Dataset/9/BW/20.jpg
./Dataset/9/Colour/21.jpg,./Dataset/9/BW/21.jpg
./Dataset/9/Colour/22.jpg,./Dataset/9/BW/22.jpg
./Dataset/9/Colour/23.jpg,./Dataset/9/BW/23.jpg
./Dataset/9/Colour/24.jpg,./Dataset/9/BW/24.jpg
./Dataset/9/Colour/25.jpg,./Dataset/9/BW/25.jpg
./Dataset/9/Colour/26.jpg,./Dataset/9/BW/26.jpg
./Dataset/9/Colour/27.jpg,./Dataset/9/BW/27.jpg
./Dataset/9/Colour/28.jpg,./Dataset/9/BW/28.jpg
./Dataset/9/Colour/29.jpg,./Dataset/9/BW/29.jpg
./Dataset/9/Colour/3.jpg,./Dataset/9/BW/3.jpg
./Dataset/9/Colour/30.jpg,./Dataset/9/BW/30.jpg
./Dataset/9/Colour/31.jpg,./Dataset/9/BW/31.jpg
./Dataset/9/Colour/32.jpg,./Dataset/9/BW/32.jpg
./Dataset/9/Colour/33.jpg,./Dataset/9/BW/33.jpg
./Dataset/9/Colour/34.jpg,./Dataset/9/BW/34.jpg
./Dataset/9/Colour/35.jpg,./Dataset/9/BW/35.jpg
./Dataset/9/Colour/37.jpg,./Dataset/9/BW/37.jpg
./Dataset/9/Colour/4.jpg,./Dataset/9/BW/4.jpg
./Dataset/9/Colour/5.jpg,./Dataset/9/BW/5.jpg
./Dataset/9/Colour/6.jpg,./Dataset/9/BW/6.jpg
./Dataset/9/Colour/7.jpg,./Dataset/9/BW/7.jpg
./Dataset/9/Colour/8.jpg,./Dataset/9/BW/8.jpg
./Dataset/9/Colour/9.jpg,./Dataset/9/BW/9.jpg
